CustomerID,Lookalike1,Score1,Lookalike2,Score2,Lookalike3,Score3
1,2,0.0,3,0.0,4,0.0
2,5,1.0000000000000002,1,0.0,3,-1.0000000000000002
3,4,1.0000000000000002,1,0.0,2,-1.0000000000000002
4,4,1.0000000000000002,1,0.0,2,-1.0000000000000002
5,5,1.0000000000000002,1,0.0,3,-1.0000000000000002
